[
  {
    "Title": "A green sea turtle shows off its shell (© Sergi Garcia Fernandez/Minden Pictures)",
    "Category": "Animal",
    "Thumbnail": "http://az619822.vo.msecnd.net/files/CanaryIslandsTurtle_EN-US8274101746_1366x768.jpg"
  },
    {
    "Title": "An elevated walkway in the Lujiazui district of Shanghai, China (© Mark Harris/Getty Images)",
    "Category": "City",
    "Thumbnail": "http://az619822.vo.msecnd.net/files/ShanghaiElevatedWalkway_EN-US8623422930_1366x768.jpg"
  },
  {
    "Title": "Striped skunk kit smelling a wildflower (© Tim Fitzharris/Minden Pictures)",
    "Category": "Animal",
    "Thumbnail": "http://az619822.vo.msecnd.net/files/SkunkKit_EN-US10705950046_1366x768.jpg"
  },
  {
    "Title": "Fox kits playing in the Rocky Mountain foothills near Cascade, Montana (© Jason Savage/Tandem Stills + Motion)",
    "Category": "Animal",
    "Thumbnail": "http://az619519.vo.msecnd.net/files/RockyMtFox_EN-US11902018005_1366x768.jpg"
  },
  {
    "Title": "Burano, in the Venetian Lagoon, Italy (© Digitaler Lumpensammler/Getty Images)",
    "Category": "City",
    "Thumbnail": "http://az608707.vo.msecnd.net/files/Burano_EN-US12610622868_1366x768.jpg"
  },
  {
    "Title": "Galápagos sea lion and pup, Rábida Island, Galápagos Islands, Ecuador (© Pete Oxford/Minden Pictures)",
    "Category": "Animal",
    "Thumbnail": "http://az608707.vo.msecnd.net/files/SealionMom_EN-US13623871731_1366x768.jpg"
  },
  {
    "Title": "Common kestrel hunting for rodents (© Bertie Gregory/Corbis)",
    "Category": "Animal",
    "Thumbnail": "http://az608707.vo.msecnd.net/files/Kestrel_EN-US10433052515_1366x768.jpg"
  }
]