[
  {
    "Title": "Big four summer heat",
    "Category": "Nature",
    "Thumbnail": "/Assets/Photos/BigFourSummerHeat.jpg"
  },
  {
    "Title": "Bison badlands Chillin",
    "Category": "Animal",
    "Thumbnail": "/Assets/Photos/BisonBadlandsChillin.jpg"
  },
  {
    "Title": "Giant slab in Oregon",
    "Category": "Nature",
    "Thumbnail": "/Assets/Photos/GiantSlabInOregon.jpg"
  },
  {
    "Title": "Grand Tetons",
    "Category": "Nature",
    "Thumbnail": "/Assets/Photos/GrandTetons.jpg"
  },
  {
    "Title": "Lake Ann Mushroom",
    "Category": "Nature",
    "Thumbnail": "/Assets/Photos/LakeAnnMushroom.jpg"
  },
  {
    "Title": "Lunch break",
    "Category": "Animal",
    "Thumbnail": "/Assets/Photos/LunchBreak.jpg"
  },
  {
    "Title": "Milky way St Helens hike purple",
    "Category": "Nature",
    "Thumbnail": "/Assets/Photos/MilkyWayStHelensHikePurple.jpg"
  },
  {
    "Title": "Mitchell buttes",
    "Category": "Nature",
    "Thumbnail": "/Assets/Photos/MitchellButtes.jpg"
  },
  {
    "Title": "Multnomah falls",
    "Category": "Nature",
    "Thumbnail": "/Assets/Photos/MultnomahFalls.jpg"
  },
  {
    "Title": "Northern cascades reflection",
    "Category": "Nature",
    "Thumbnail": "/Assets/Photos/NorthernCascadesReflection.jpg"
  },
  {
    "Title": "November hike waterfall",
    "Category": "Nature",
    "Thumbnail": "/Assets/Photos/NovemberHikeWaterfall.jpg"
  },
  {
    "Title": "Owl",
    "Category": "Animal",
    "Thumbnail": "/Assets/Photos/Owl.jpg"
  },
  {
    "Title": "Oregon winery namaste",
    "Category": "Nature",
    "Thumbnail": "/Assets/Photos/OregonWineryNamaste.jpg"
  },
  {
    "Title": "Painted hills pathway",
    "Category": "Nature",
    "Thumbnail": "/Assets/Photos/PaintedHillsPathway.jpg"
  },
  {
    "Title": "Columbia river Gorge",
    "Category": "Nature",
    "Thumbnail": "/Assets/Photos/ColumbiaRiverGorge.jpg"
  },
  {
    "Title": "Running dog pacific city",
    "Category": "Nature",
    "Thumbnail": "/Assets/Photos/RunningDogPacificCity.jpg"
  },
  {
    "Title": "Shooting on auto on the drone",
    "Category": "City",
    "Thumbnail": "/Assets/Photos/ShootingOnAutoOnTheDrone.jpg"
  },
  {
    "Title": "Smithn rock down the river view",
    "Category": "Nature",
    "Thumbnail": "/Assets/Photos/SmithnRockDownTheRiverView.jpg"
  },
  {
    "Title": "West Seattle view",
    "Category": "City",
    "Thumbnail": "/Assets/Photos/WestSeattleView.jpg"
  },
  {
    "Title": "Van",
    "Category": "Motor",
    "Thumbnail": "/Assets/Photos/Van.jpg"
  },
  {
    "Title": "Speed triple atrists point",
    "Category": "Motor",
    "Thumbnail": "/Assets/Photos/SpeedTripleAtristsPoint.jpg"
  },
  {
    "Title": "Snowy interbayt",
    "Category": "City",
    "Thumbnail": "/Assets/Photos/SnowyInterbayt.jpg"
  }
]
