{
	// TEMPLATES
	"ts.template": {
		"prefix": "ts.template",
		"body": [
		"{",
		"  \"\\$schema\": \"http://json.schemastore.org/template\",",
		"  \"author\": \"$1\",",
		"  \"classifications\": [",
		"    \"Universal\"",
		"  ],",
		"  \"name\": \"${3:name}\",",
		"  \"shortName\": \"${3:name}\",",
		"  \"groupIdentity\": \"ts.${2|Page,Feat,Service,Testing|}.${4:Identifier}\",",
		"  \"identity\": \"ts.${2|Page,Feat,Service,Testing|}.${4:Identifier}\",",
		"  \"description\": \"Description for ${3:name}\",",
		"  \"tags\": {",
		"    \"language\": \"${5|C#,VisualBasic|}\",",
		"    \"type\": \"item\",",
		"    \"ts.type\": \"${6|page,feature,service,testing|}\",",
		"    \"ts.projecttype\": \"all\",",
		"    \"ts.frontendframework\": \"all\",",
		"    \"ts.platform\": \"Uwp\",",
		"    \"ts.version\": \"1.0.0\",",
		"    \"ts.genGroup\": \"0\",",
		"    \"ts.rightClickEnabled\": \"true\"",
		"  },",
		"  \"sourceName\": \"Param_ItemName\",",
		"  \"preferNameDirectory\": true,",
		"  \"PrimaryOutputs\": [",
		"  ],",
		"  \"symbols\": {",
		"    \"ts.rootNamespace\": {",
		"      \"type\": \"parameter\",",
		"      \"replaces\": \"Param_RootNamespace\"",
		"    }",
		"  }",
		"}"
		],
		"description": "Add a template template.json file content"
	},
	"ts.template.composition": {
		"prefix": "ts.template.composition",
    "body": [
      "{",
      "  \"$schema\": \"http://json.schemastore.org/template\",",
      "  \"author\": \"$1\",",
      "  \"classifications\": [",
      "    \"Universal\"",
      "  ],",
      "  \"name\": \"${2:name}\",",
      "  \"identity\": \"${2:name}\",",
      "  \"shortName\": \"${2:name}\",",
      "  \"tags\": {",
      "    \"language\": \"${3|C#,VisualBasic|}\",",
      "    \"type\": \"item\",",
      "    \"ts.type\": \"composition\",",
      "    \"ts.platform\": \"Uwp\",",
      "    \"ts.version\": \"1.0.0\",",
      "    \"ts.compositionFilter\": \"\",",
      "  },",
      "  \"sourceName\": \"Param_ItemName\",",
      "  \"preferNameDirectory\": true,",
      "  \"PrimaryOutputs\": [",
      "  ],",
      "  \"symbols\": {",
      "    \"ts.rootNamespace\": {",
      "      \"type\": \"parameter\",",
      "      \"replaces\": \"Param_RootNamespace\"",
      "    }",
      "  }",
      "}"
    ],
		"description": "Add a composition template.json"
	},

	// SYMBOLS
	"ts.symbols.rootNamespace":{
		"prefix": "ts.symbols.rootNamespace",
		"body": [
		"\"ts.rootNamespace\": {",
		"  \"type\": \"parameter\",",
		"  \"replaces\": \"Param_RootNamespace\"",
		"}"
		],
		"description": "Add a symbol rootNamespace block to be added on template.json"
	},
	"ts.symbols.projectName":{
		"prefix": "ts.symbols.projectName",
		"body": [
		"\"ts.projectName\": {",
		"  \"type\": \"parameter\",",
		"  \"replaces\": \"Param_ProjectName\"",
		"  \"fileRename\": \"Param_ProjectName\"",
		"}"
		],
		"description": "Add a symbol projectName block to be added on template.json"
	},
	"ts.symbols.baseclass":{
		"prefix": "ts.symbols.baseclass",
		"body": [
		"\"baseclass\": {",
		"  \"type\": \"parameter\",",
		"  \"replaces\": \"System.ComponentModel.INotifyPropertyChanged\"",
		"}"
		],
		"description": "Add a symbol baseclass block to be added on template.json"
	},
	"ts.symbols.setter":{
		"prefix": "ts.symbols.setter",
		"body": [
		"\"setter\": {",
		"  \"type\": \"parameter\",",
		"  \"replaces\": \"Param_Setter\"",
		"}"
		],
		"description": "Add a symbol setter block to be added on template.json"
	},
	"ts.symbols.copyrightYear":{
		"prefix": "ts.symbols.copyrightYear",
		"body": [
		"\"copyrightYear\": {",
		"  \"type\": \"generated\",",
		"  \"generator\": \"now\",",
		"  \"replaces\": \"1976\",",
		"  \"parameters\": {",
		"    \"format\": \"yyyy\"",
		"  }",
		"}"
		],
		"description": "Add a symbol copyrightYear block to be added on template.json"
	},
	"ts.symbols.homePageName":{
		"prefix": "ts.symbols.homePageName",
		"body": [
		"\"ts.homePageName\": {",
		"  \"type\": \"parameter\",",
		"  \"replaces\": \"Param_HomeName\"",
		"}"
		],
		"description": "Add a symbol homePageName block to be added on template.json"
	},
	"ts.symbols.page.Settings":{
		"prefix": "ts.symbols.page.settings",
		"body": [
		"\"ts.Page.Settings\": {",
		"  \"type\": \"parameter\",",
		"  \"replaces\": \"Param_SettingsPageName\",",
		"  \"fileRename\": \"Param_SettingsPageName\"",
		"}"
		],
		"description": "Add a symbol page.settings block to be added on template.json"
	},

	// PRIMARY OUTPUT
	"ts.primaryOutput":{
		"prefix": "ts.primaryOutput",
		"body": [
		"{",
		"  \"path\": \"FolderName/FileName.extension\"",
		"}"
		],
		"description": "Add a primary output block to be added on template.json"
	},
	"ts.primaryOutputToParent":{
		"prefix": "ts.primaryOutputToParent",
		"body": [
		"{",
		"  \"path\": \"Param_ProjectName/FolderName/FileName.extension\"",
		"}"
		],
		"description": "Add a primary output to parent block to be added on template.json"
	},

	// TAGS
	"ts.tag.outputToParent": {
		"prefix": "ts.tag.outputToParent",
		"body": "\"ts.outputToParent\": \"true\"",
		"description": "Add tag outputToParent"
	},
	"ts.tag.defaultInstance": {
		"prefix": "ts.tag.defaultInstance",
		"body": "\"ts.defaultInstance\": \"true\"",
		"description": "Add tag defaultInstance"
	},
	"ts.tag.multipleInstance": {
		"prefix": "ts.tag.multipleInstance",
		"body": "\"ts.multipleInstance\": \"true\"",
		"description": "Add tag multipleInstance"
	},
	"ts.tag.compositionOrder": {
		"prefix": "ts.tag.compositionOrder",
		"body": "\"ts.compositionOrder\": \"0\"",
		"description": "Add tag compositionOrder"
	},
	"ts.tag.licenses": {
		"prefix": "ts.tag.licenses",
		"body": "\"ts.licenses\": \"[]()\"",
		"description": "Add tag licenses"
	},
	"ts.tag.dependencies": {
		"prefix": "ts.tag.dependencies",
		"body": "\"ts.dependencies\": \"\"",
		"description": "Add tag dependencies"
	},

	// POST ACTIONS
	"ts.postActions": {
		"prefix": "ts.postActions",
		"body": [
		"\"postActions\": [",
		"  ",
		"]"],
		"description": "Add postActions block to template.json"
	},
	"ts.postAction.AddNugetPackage": {
		"prefix": "ts.postAction.AddNugetPackage",
		"body": [
		"{",
		"  \"description\": \"Add nuget package\",",
		"  \"manualInstructions\": [],",
		"  \"actionId\": \"0B814718-16A3-4F7F-89F1-69C0F9170EAD\",",
		"  \"args\": {",
		"    \"packageId\": \"\",",
		"    \"version\": \"\",",
		"    \"projectPath\": \"\"",
		"  },",
		"  \"continueOnError\": true",
		"}"
		],
		"description": "Add AddNugetPackage template.json postActions"
	},
	"ts.postAction.AddReferenceToThisProject": {
		"prefix": "ts.postAction.AddReferenceToThisProject",
		"body": [
		"{",
		"  \"description\": \"Add reference to this project in main UWP app\",",
		"  \"manualInstructions\": [],",
		"  \"actionId\": \"849AAEB8-487D-45B3-94B9-77FA74E83A01\",",
		"  \"args\": {",
		"    \"fileIndex\": \"\",",
		"    \"projectPath\": \"\"",
		"  },",
		"  \"continueOnError\": true",
		"}"
		],
		"description": "Add AddReferenceToThisProject template.json postActions"
	},
	"ts.postAction.AddSdkReference": {
		"prefix": "ts.postAction.AddSdkReference",
		"body": [
		"{",
		"  \"description\": \"Add sdk Reference\",",
		"  \"manualInstructions\": [],",
		"  \"actionId\": \"9E683FB4-CE5B-4AAE-8A36-63CD8A5B4977\",",
		"  \"args\": {",
		"    \"name\": \"\",",
		"    \"sdk\": \"\",",
		"    \"projectPath\": \"\"",
		"  },",
		"  \"continueOnError\": true",
		"}"
		],
		"description": "Add AddReferenceToThisProject template.json postActions"
	},
	"ts.postAction.GenerateTestCertificate": {
		"prefix": "ts.postAction.GenerateTestCertificate",
		"body": [
		"{",
		"  \"description\": \"Generate Test Certificate\",",
		"  \"manualInstructions\": [],",
		"  \"actionId\": \"65057255-BD7B-443C-8180-5D82B9DA9E22\",",
		"  \"args\": {",
		"    \"files\": \"\"",
		"  },",
		"  \"continueOnError\": true",
		"}"
		],
		"description": "Add AddReferenceToThisProject template.json postActions"
	}
}