1,Mount Everest,8848,Mahalangur Himalaya,27d59m17sN 86d55m31sE,8848,none,05/29/1953,>>145 (121)
2,K2/Qogir,8611,Baltoro Karakoram,35d52m53sN 76d30m48sE,4017,Mount Everest,07/31/1954,45 (44)
3,Kangchenjunga,8586,Kangchenjunga Himalaya,27d42m12sN 88d08m51sE *,3922,Mount Everest,05/25/1955,38 (24)
4,Lhotse,8516,Mahalangur Himalaya,27d57m42sN 86d55m59sE,610,Mount Everest,05/18/1956,26 (26)
5,Makalu,8485,Mahalangur Himalaya,27d53m23sN 87d5m20sE,2386,Mount Everest,05/15/1955,45 (52)
6,Cho Oyu,8188,Mahalangur Himalaya,28d05m39sN 86d39m39sE,2340,Mount Everest,10/19/1954,79 (28)
7,Dhaulagiri I,8167,Dhaulagiri Himalaya,28d41m48sN 83d29m35sE,3357,K2,05/13/1960,51 (39)
8,Manaslu,8163,Manaslu Himalaya,28d33m00sN 84d33m35sE,3092,Cho Oyu,05/9/1956,49 (45)
9,Nanga Parbat,8126,Nanga Parbat Himalaya,35d14m14sN 74d35m21sE,4608,Dhaulagiri,07/03/1953,52 (67)
10,Annapurna I,8091,Annapurna Himalaya,28d35m44sN 83d49m13sE,2984,Cho Oyu,06/03/1950,36 (47)
11,Gasherbrum I,8080,Baltoro Karakoram,35d43m28sN 76d41m47sE,2155,K2,01/01/1958,31 (16)
12,Broad Peak/K3,8051,Baltoro Karakoram,35d48m38sN 76d34m06sE,1701,Gasherbrum I,01/01/1957,39 (19)
13,Gasherbrum II/K4,8034,Baltoro Karakoram,35d45m28sN 76d39m12sE,1523,Gasherbrum I,01/01/1956,54 (12)
14,Shishapangma,8027,Jugal Himalaya,28d21m12sN 85d46m43sE,2897,Cho Oyu,01/01/1964,43 (19)
15,Gyachung Kang,7952,Mahalangur Himalaya,28d05m53sN 86d44m42sE,700,Cho Oyu,01/01/1964,5 (3)
15,Gasherbrum III,7946,Baltoro Karakoram,35d45m33sN 76d38m30sE,355,Gasherbrum II,01/01/1975,2 (2)
16,Annapurna II,7937,Annapurna Himalaya,28d32m05sN 84d07m19sE,2437,Annapurna I,01/01/1960,6 (19)
17,Gasherbrum IV,7932,Baltoro Karakoram,35d45m38sN 76d36m58sE,715,Gasherbrum III,01/01/1958,4 (11)
18,Himalchuli,7893,Manaslu Himalaya,28d26m12sN 84d38m23sE *,1633,Manaslu,01/01/1960,6 (12)
19,Distaghil Sar,7884,Hispar Karakoram,36d19m33sN 75d11m16sE,2525,K2,01/01/1960,3 (5)
20,Ngadi Chuli,7871,Manaslu Himalaya,28d30m12sN 84d34m00sE,1020,Manaslu,01/01/1970,2 (6)
20,Nuptse,7864,Mahalangur Himalaya,27d58m03sN 86d53m13sE,319,Lhotse,01/01/1961,5 (12)
21,Khunyang Chhish,7823,Hispar Karakoram,36d12m19sN 75d12m28sE *,1765,Distaghil Sar,01/01/1971,2 (6)
22,Masherbrum/K1,7821,Masherbrum Karakoram,35d38m28sN 76d18m21sE,2457,Gasherbrum I,01/01/1960,4 (9)
23,Nanda Devi,7816,Garhwal Himalaya,30d22m33sN 79d58m15sE,3139,Dhaulagiri,01/01/1936,14 (12)
24,Chomo Lonzo,7804,Mahalangur Himalaya,27d55m50sN 87d06m28sE,590,Makalu,01/01/1954,3 (1)
25,Batura Sar,7795,Batura Karakoram,36d30m37sN 74d31m21sE,3118,Distaghil Sar,01/01/1976,4 (6)
26,Kanjut Sar,7790,Hispar Karakoram,36d12m20sN 75d25m01sE,1690,Khunyang Chhish,01/01/1959,2 (1)
27,Rakaposhi,7788,Rakaposhi-Haramosh Karakoram,36d08m33sN 74d29m22sE,2818,Khunyang Chhish,01/01/1958,8 (13)
28,Namcha Barwa,7782,Assam Himalaya,29d37m52sN 95d03m19sE,4106,Kangchenjunga,01/01/1992,1 (2)
29,Kamet,7756,Garhwal Himalaya,30d55m12sN 79d35m30sE *,2825,Nanda Devi,01/01/1931,23 (14)
30,Dhaulagiri II,7751,Dhaulagiri Himalaya,28d45m46sN 83d23m18sE,2396,Dhaulagiri,01/01/1971,4 (11)
31,Saltoro Kangri/K10,7742,Saltoro Karakoram,35d23m57sN 76d50m53sE *,2160,Gasherbrum I,01/01/1962,2 (1)
32,Jannu,7711,Kangchenjunga Himalaya,27d40m56sN 88d02m40sE *,1036,Kangchenjunga,01/01/1962,17 (12)
33,Tirich Mir,7708,Hindu Kush,36d15m19sN 71d50m30sE *,3910,Batura Sar,01/01/1950,20 (11)
33,Molamenqing,7703,Langtang Himalaya,28d21m18sN 85d48m35sE,430,Shishapangma,01/01/1981,1 (0)
34,Gurla Mandhata,7694,Nalakankar Himalaya,30d26m19sN 81d17m48sE,2788,Dhaulagiri,01/01/1985,6 (4)
35,Saser Kangri I/K22,7672,Saser Karakoram,34d52m00sN 77d45m09sE,2304,Gasherbrum I,01/01/1973,6 (4)
36,Chogolisa,7665,Masherbrum Karakoram,35d36m47sN 76d34m29sE,1624,Masherbrum,01/01/1975,4 (2)
36,Dhaulagiri IV,7661,Dhaulagiri Himalaya,28d44m09sN 83d18m55sE,469,Dhaulagiri II,01/01/1975,2 (10)
37,Kongur Tagh,7649,Kongur Shan Kunlun,38d35m36sN 75d18m48sE,3585,Distaghil Sar,01/01/1981,2 (4)
37,Dhaulagiri V,7618,Dhaulagiri Himalaya,28d44m02sN 83d21m41sE *,340,Dhaulagiri IV,01/01/1975,2 (3)
38,Shispare,7611,Batura Karakoram,36d26m26sN 74d40m51sE,1240,Batura Sar,01/01/1974,3 (1)
39,Trivor,7577,Hispar Karakoram,36d17m15sN 75d05m06sE *,980,Distaghil Sar,01/01/1960,2 (5)
40,Gangkhar Puensum,7570,Kula Kangri Himalaya,28d02m50sN 90d27m19sE *,2995,Kangchenjunga,01/01/1000,0 (3)
41,Gongga Shan,7556,Daxue Shan,29d35m43sN 101d52m47sE,3642,Mount Everest,01/01/1932,6 (7)
42,Annapurna III,7555,Annapurna Himalaya,28d35m06sN 83d59m24sE,703,Annapurna I,01/01/1961,10 (17)
43,Muztagh Ata,7546,Muztagata Kunlun,38d16m33sN 75d06m58sE,2735,Kongur Tagh,01/01/1956,Many
44,Skyang Kangri,7545,Baltoro Karakoram,35d55m35sN 76d34m03sE,1085,K2,01/01/1976,1 (2)
45,Changtse,7543,Mahalangur Himalaya,28d01m29sN 86d54m51sE,520,Mount Everest,01/01/1982,9 (9)
46,Kula Kangri,7538,Kula Kangri Himalaya,28d13m37sN 90d36m59sE,1650,Gangkhar Puensum,01/01/1986,3 (2)
47,Kongur Tiube,7530,Kongur Shan Kunlun,38d36m57sN 75d11m45sE,840,Kongur Tagh,01/01/1956,2 (3)
48,Mamostong Kangri,7516,Rimo Karakoram,35d08m31sN 77d34m39sE,1803,Gasherbrum I,01/01/1984,5 (0)
49,Saser Kangri II E,7513,Saser Karakoram,34d48m17sN 77d48m24sE,1450,Saser Kangri I,01/01/2011,0 (0)[10]
50,Ismoil Somoni Peak,7495,Pamir (Akademiya Nauk Range),38d56m35sN 72d00m57sE,3402,Muztagh Ata,01/01/1933,
51,Saser Kangri III,7495,Saser Karakoram,34d50m44sN 77d47m06sE,850,Saser Kangri I,01/01/1986,1 (0)
52,Noshaq,7492,Hindu Kush,36d25m56sN 71d49m43sE,2024,Tirich Mir,01/01/1960,33 (3)
53,Pumari Chhish,7492,Hispar Karakoram,36d12m41sN 75d15m01sE,890,Khunyang Chhish,01/01/1979,1 (2)
54,Pasu Sar,7476,Batura Karakoram,36d29m16sN 74d35m16sE,645,Batura Sar,01/01/1994,1 (0)
55,Yukshin Gardan Sar,7469,Hispar Karakoram,36d15m04sN 75d22m29sE,1313,Pumari Chhish,01/01/1984,4 (1)
56,Teram Kangri I,7462,Siachen Karakoram,35d34m48sN 77d04m42sE,1702,Gasherbrum I,01/01/1975,2 (0)
57,Jongsong Peak,7462,Kangchenjunga Himalaya,27d52m54sN 88d08m09sE,1298,Kangchenjunga,01/01/1930,2 (3)
58,Malubiting,7458,Rakaposhi-Haramosh Karakoram,36d00m12sN 74d52m31sE,2193,Rakaposhi,01/01/1971,2 (6)
59,Gangapurna,7455,Annapurna Himalaya,28d36m18sN 83d57m49sE,563,Annapurna III,01/01/1965,8 (13)
60,Jengish Chokusu,7439,Tian Shan,42d02m05sN 80d07m47sE,4148,Ismail Samani Peak,01/01/1938,
61,K12,7428,Saltoro Karakoram,35d17m45sN 77d01m20sE,1978,Saltoro Kangri,01/01/1974,4 (2)
62,Yangra,7422,Ganesh Himalaya,28d23m29sN 85d07m38sE,2352,Manaslu,01/01/1955,1 (6)
63,Sia Kangri,7422,Siachen Karakoram,35d39m48sN 76d45m42sE,640,Gasherbrum I,01/01/1934,6 (0)
64,Momhil Sar,7414,Hispar Karakoram,36d19m04sN 75d02m11sE *,980,Trivor,01/01/1964,2 (6)
65,Kabru N,7412,Kangchenjunga Himalaya,27d38m02sN 88d07m00sE,780,Kangchenjunga,01/01/1994,1 (2)[11]
66,Skil Brum,7410,Baltoro Karakoram,35d51m03sN 76d25m43sE,1152,K2,01/01/1957,2 (1)
67,Haramosh,7409,Rakaposhi Karakoram,35d50m24sN 74d53m51sE,2277,Malubiting,01/01/1958,4 (3)
68,Istor-o-Nal,7403,Hindu Kush,36d22m32sN 71d53m54sE,1040,Noshaq,01/01/1969,4 (5)
69,Ghent Kangri,7401,Saltoro Karakoram,35d31m04sN 76d48m02sE,1493,Saltoro Kangri,01/01/1961,4 (0)
70,Ultar Sar,7388,Batura Karakoram,36d23m27sN 74d43m00sE,700,Shispare,01/01/1996,2 (5)
71,Rimo I,7385,Rimo Karakoram,35d21m18sN 77d22m08sE,1438,Teram Kangri I,01/01/1988,1 (3)
72,Churen Himal,7385,Dhaulagiri Himalaya,28d44m05sN 83d13m03sE,600,Dhaulagiri IV,01/01/1970,3 (0)
73,Teram Kangri III,7382,Siachen Karakoram,35d35m59sN 77d02m53sE,520,Teram Kangri I,01/01/1979,1 (0)
74,Sherpi Kangri,7380,Saltoro Karakoram,35d27m58sN 76d46m53sE *,1000,Ghent Kangri,01/01/1976,1 (1)
75,Labuche Kang,7367,Labuche Himalaya,28d18m15sN 86d21m03sE,1957,Cho Oyu,01/01/1987,1 (0)
76,Kirat Chuli,7362,Kangchenjunga Himalaya,27d47m16sN 88d11m43sE,1168,Kangchenjunga,01/01/1939,1 (6)
76,Abi Gamin,7355,Garhwal Himalaya,30d55m57sN 79d36m09sE,217,Kamet,01/01/1950,17 (2)
77,Nangpai Gosum,7350,Mahalangur Himalaya,28d04m24sN 86d36m51sE,500,Cho Oyu,01/01/1996,3 (1)
77,Gimmigela,7350,Kangchenjunga Himalaya,27d44m27sN 88d09m31sE,432,Kangchenjunga,01/01/1994,3 (1)
78,Saraghrar,7349,Hindu Kush,36d32m51sN 72d06m54sE,1979,Noshaq,01/01/1959,2 (3)
79,Jomolhari,7326,Jomolhari Himalaya,27d49m36sN 89d16m04sE *,2077,Gangkhar Puensum,01/01/1937,4 (0)
80,Chamlang,7321,Mahalangur Himalaya,27d46m30sN 86d58m47sE,1240,Lhotse,01/01/1961,7 (1)
81,Chongtar,7315,Baltoro Karakoram,35d54m55sN 76d25m45sE,1300,Skil Brum,01/01/1994,1 (1)
82,Baltoro Kangri,7312,Masherbrum Karakoram,35d38m21sN 76d40m24sE,1200,Chogolisa,01/01/1976,1 (0)
83,Siguang Ri,7309,Mahalangur Himalaya,28d08m50sN 86d41m06sE,650,Cho Oyu,01/01/1989,2 (1)
84,The Crown,7295,Yengisogat Karakoram,36d06m24sN 76d12m21sE,1919,Skil Brum (K2),01/01/1993,1 (3)
85,Gyala Peri,7294,Assam Himalaya,29d48m52sN 94d58m07sE,2942,Mount Everest,01/01/1986,1 (0)
86,Porong Ri,7292,Langtang Himalaya,28d23m22sN 85d43m12sE,520,Shisha Pangma,01/01/1982,5 (0)
87,Baintha Brakk,7285,Panmah Karakoram,35d56m51sN 75d45m12sE *,1891,Kanjut Sar,01/01/1977,3 (13)
88,Yutmaru Sar,7283,Hispar Karakoram,36d13m35sN 75d22m02sE,620,Yukshin Gardan Sar,01/01/1980,1 (1)
89,Baltistan Peak/K6,7282,Masherbrum Karakoram,35d25m06sN 76d33m06sE,1962,Chogolisa,01/01/1970,1 (3)
90,Kangpenqing,7281,Baiku Himalaya,28d33m03sN 85d32m44sE,1340,Shisha Pangma,01/01/1982,1 (1)
91,Muztagh Tower,7276,Baltoro Karakoram,35d49m40sN 76d21m40sE,1710,Skil Brum,01/01/1956,4 (2)
92,Mana,7272,Garhwal Himalaya,30d52m50sN 79d36m55sE,730,Kamet,01/01/1937,7 (3)
92,Dhaulagiri VI,7268,Dhaulagiri Himalaya,28d42m31sN 83d16m27sE,485,Dhaulagiri IV,01/01/1970,5 (0)
93,Diran,7266,Rakaposhi-Haramosh Karakoram,36d07m13sN 74d39m42sE,1325,Malubiting,01/01/1968,12 (8)
94,Labuche Kang III/East[12],7250,Labuche Himalaya,28d18m05sN 86d23m02sE,570,Labuche Kang,01/01/1000,0 (0)
95,Putha Hiunchuli,7246,Dhaulagiri Himalaya,28d44m52sN 83d08m46sE,1151,Churen Himal,01/01/1954,11 (5)
96,Apsarasas Kangri,7245,Siachen Karakoram,35d32m19sN 77d08m55sE,635,Teram Kangri I,01/01/1976,2 (0)
97,Mukut Parbat,7242,Garhwal Himalaya,30d56m57sN 79d34m12sE,840,Kamet,01/01/1951,2 (1)
98,Rimo III,7233,Rimo Karakoram,35d22m31sN 77d21m42sE,615,Rimo I,01/01/1985,1 (0)
99,Langtang Lirung,7227,Langtang Himalaya,28d15m22sN 85d31m01sE,1525,Shisha Pangma,01/01/1978,14 (13)
100,Karjiang,7221,Kula Kangri Himalaya,28d15m27sN 90d38m49sE,880,Kula Kangri,01/01/1000,0 (2)
101,Annapurna Dakshin,7219,Annapurna Himalaya,28d31m06sN 83d48m22sE,775,Annapurna,01/01/1964,10 (16)
102,Khartaphu,7213,Mahalangur Himalaya,28d03m49sN 86d58m39sE,712,Mount Everest,01/01/1935,1 (0)
103,Tongshanjiabu,7207,Lunana Himalaya,28d11m12sN 89d57m27sE,1757,Gangkar Puensum,01/01/1000,0 (0)
104,Malangutti Sar,7207,Hispar Karakoram,36d21m47sN 75d08m57sE,515,Distaghil Sar,01/01/1985,1 (0)
105,Noijin Kangsang,7206,Nagarze Himalaya,28d56m48sN 90d10m42sE,2160,Tongshanjiabu,01/01/1986,4 (1)
106,Langtang Ri,7205,Langtang Himalaya,28d22m53sN 85d41m01sE,650,Porong Ri,01/01/1981,4 (0)
107,Kangphu Kang,7204,Lunana Himalaya,28d09m20sN 90d03m48sE,1200,Tongshanjiabu,01/01/2002,1 (0)
108,Singhi Kangri,7202,Siachen Karakoram,35d35m59sN 76d59m01sE,790,Teram Kangri III,01/01/1976,2 (0)
109,Lupghar Sar,7200,Hispar Karakoram,36d21m01sN 75d02m13sE *,730,Momhil Sar,01/01/1979,1 (0)
