{
  "$schema": "https://raw.githubusercontent.com/DotNetAnalyzers/StyleCopAnalyzers/master/StyleCop.Analyzers/StyleCop.Analyzers/Settings/stylecop.schema.json",
  "settings": {
    "documentationRules": {
      "companyName": ".NET Foundation",
      "copyrightText": "Licensed to the {companyName} under one or more agreements.\r\nThe {companyName} licenses this file to you under the MIT license.\r\nSee the LICENSE file in the project root for more information.",
      "xmlHeader": false,
      "headerDecoration": "",
      "fileNamingConvention": "metadata",
      "documentInterfaces": false,
      "documentExposedElements": false,
      "documentInternalElements": false
    },
    "layoutRules": {
      "newlineAtEndOfFile": "require"
    },
    "orderingRules": {
      "usingDirectivesPlacement": "outsideNamespace"
    }
  }
}