<Themes>
  <Theme Name="Light" GUID="{de3dbbcd-f642-433c-8353-8f1df4370aba}">
    <Category Name="WindowsTemplateStudio" GUID="{9c63f223-700a-4418-8a5a-cd450f05f593}">
      <Color Name="WindowPanel">
        <Background Type="CT_RAW" Source="FFFFFFFF" />
        <Foreground Type="CT_RAW" Source="FF1E1E1E" />
      </Color>
      <Color Name="WindowBorder">
        <Background Type="CT_RAW" Source="FFCCCEDB" />
      </Color>
      <Color Name="HeaderText">
        <Background Type="CT_RAW" Source="FF1E1E1E" />
      </Color>
      <Color Name="Hyperlink">
        <Background Type="CT_RAW" Source="FF0E70C0" />
      </Color>
      <Color Name="HyperlinkHover">
        <Background Type="CT_RAW" Source="FF007ACC" />
      </Color>
      <Color Name="HyperlinkDisabled">
        <Background Type="CT_RAW" Source="FFA2A4A5" />
      </Color>
      <Color Name="SelectedItemActive">
        <Background Type="CT_RAW" Source="FF007ACC" />
        <Foreground Type="CT_RAW" Source="FFFFFFFF" />
      </Color>
      <Color Name="SelectedItemInactive">
        <Background Type="CT_RAW" Source="FFCCCEDB" />
        <Foreground Type="CT_RAW" Source="FF1E1E1E" />
      </Color>
      <Color Name="ListItemMouseOver">
        <Background Type="CT_RAW" Source="FFC9DEF5" />
        <Foreground Type="CT_RAW" Source="FF1E1E1E" />
      </Color>
      <Color Name="ListItemDisabledText">
        <Background Type="CT_RAW" Source="FFA2A4A5" />
      </Color>
      <Color Name="GridHeadingBackground">
        <Background Type="CT_RAW" Source="00000000" />
      </Color>
      <Color Name="GridHeadingHoverBackground">
        <Background Type="CT_RAW" Source="00000000" />
      </Color>
      <Color Name="GridHeadingText">
        <Background Type="CT_RAW" Source="FF6C6C6C" />
      </Color>
      <Color Name="GridHeadingHoverText">
        <Background Type="CT_RAW" Source="FF1E1E1E" />
      </Color>
      <Color Name="GridLine">
        <Background Type="CT_RAW" Source="FFCCCEDB" />
      </Color>
      <Color Name="WizardFooter">
        <Background Type="CT_RAW" Source="FFEFEFF2" />
      </Color>
      <Color Name="SectionDivider">
        <Background Type="CT_RAW" Source="FFCCCEDB" />
      </Color>
      <Color Name="HeaderTextSecondary">
        <Background Type="CT_RAW" Source="FF828282" />
      </Color>
      <Color Name="WizardFooterText">
        <Background Type="CT_RAW" Source="FF828282" />
      </Color>
      <Color Name="CardTitleText">
        <Background Type="CT_RAW" Source="FF1E1E1E" />
      </Color>
      <Color Name="CardDescriptionText">
        <Background Type="CT_RAW" Source="FF6C6C6C" />
      </Color>
      <Color Name="CardBackgroundDefault">
        <Background Type="CT_RAW" Source="FFFFFFFF" />
      </Color>
      <Color Name="CardBackgroundHover">
        <Background Type="CT_RAW" Source="FFEFEFF2" />
      </Color>
      <Color Name="CardBackgroundSelected">
        <Background Type="CT_RAW" Source="FFFFFFFF" />
      </Color>
      <Color Name="CardBackgroundDisabled">
        <Background Type="CT_RAW" Source="FFF5F5F5" />
      </Color>
      <Color Name="CardBorderDefault">
        <Background Type="CT_RAW" Source="FFBFBFBF" />
      </Color>
      <Color Name="CardBorderHover">
        <Background Type="CT_RAW" Source="FF949494" />
      </Color>
      <Color Name="CardBorderSelected">
        <Background Type="CT_RAW" Source="FF007ACC" />
      </Color>
      <Color Name="CardBorderDisabled">
        <Background Type="CT_RAW" Source="FFCCCEDB" />
      </Color>
      <Color Name="DeleteTemplateIcon">
        <Background Type="CT_RAW" Source="FFE51400" />
      </Color>
      <Color Name="SavedTemplateBackgroundHover">
        <Background Type="CT_RAW" Source="FFEFEFF2" />
      </Color>
      <Color Name="NewItemFileStatusNewFile">
        <Background Type="CT_RAW" Source="FF00CC6A" />
      </Color>
      <Color Name="NewItemFileStatusModifiedFile">
        <Background Type="CT_RAW" Source="FF3399FF" />
      </Color>
      <Color Name="NewItemFileStatusConflictingFile">
        <Background Type="CT_RAW" Source="FFE51400" />
      </Color>
      <Color Name="NewItemFileStatusConflictingStylesFile">
        <Background Type="CT_RAW" Source="FFFFB900" />
      </Color>
      <Color Name="NewItemFileStatusWarningFile">
        <Background Type="CT_RAW" Source="FFFFB900" />
      </Color>
      <Color Name="NewItemFileStatusUnchangedFile">
        <Background Type="CT_RAW" Source="FF007ACC" />
      </Color>
      <Color Name="CardIcon">
        <Background Type="CT_RAW" Source="FF727779" />
      </Color>
      <Color Name="CardFooterText">
        <Background Type="CT_RAW" Source="FF6C6C6C" />
      </Color>
      <Color Name="TemplateInfoPageDescription">
        <Background Type="CT_RAW" Source="FF727779" />
      </Color>
      <Color Name="ChangesSummaryDetailFileHeader">
        <Background Type="CT_RAW" Source="FFEFEFF2" />
        <Foreground Type="CT_RAW" Source="FF1E1E1E" />
      </Color>
    </Category>
  </Theme>
  <Theme Name="Dark" GUID="{1ded0138-47ce-435e-84ef-9ec1f439b749}">
    <Category Name="WindowsTemplateStudio" GUID="{9c63f223-700a-4418-8a5a-cd450f05f593}">
      <Color Name="WindowPanel">
        <Background Type="CT_RAW" Source="FF252526" />
        <Foreground Type="CT_RAW" Source="FFF1F1F1" />
      </Color>
      <Color Name="WindowBorder">
        <Background Type="CT_RAW" Source="FF3F3F46" />
      </Color>
      <Color Name="HeaderText">
        <Background Type="CT_RAW" Source="FFF1F1F1" />
      </Color>
      <Color Name="Hyperlink">
        <Background Type="CT_RAW" Source="FF0097FB" />
      </Color>
      <Color Name="HyperlinkHover">
        <Background Type="CT_RAW" Source="FF55AAFF" />
      </Color>
      <Color Name="HyperlinkDisabled">
        <Background Type="CT_RAW" Source="FF656565" />
      </Color>
      <Color Name="SelectedItemActive">
        <Background Type="CT_RAW" Source="FF007ACC" />
        <Foreground Type="CT_RAW" Source="FFFFFFFF" />
      </Color>
      <Color Name="SelectedItemInactive">
        <Background Type="CT_RAW" Source="FF3F3F46" />
        <Foreground Type="CT_RAW" Source="FFFFFFFF" />
      </Color>
      <Color Name="ListItemMouseOver">
        <Background Type="CT_RAW" Source="FF3F3F40" />
        <Foreground Type="CT_RAW" Source="FFF1F1F1" />
      </Color>
      <Color Name="ListItemDisabledText">
        <Background Type="CT_RAW" Source="FF656565" />
      </Color>
      <Color Name="GridHeadingBackground">
        <Background Type="CT_RAW" Source="00000000" />
      </Color>
      <Color Name="GridHeadingHoverBackground">
        <Background Type="CT_RAW" Source="00000000" />
      </Color>
      <Color Name="GridHeadingText">
        <Background Type="CT_RAW" Source="FF999999" />
      </Color>
      <Color Name="GridHeadingHoverText">
        <Background Type="CT_RAW" Source="FFF1F1F1" />
      </Color>
      <Color Name="GridLine">
        <Background Type="CT_RAW" Source="FF3F3F46" />
      </Color>
      <Color Name="WizardFooter">
        <Background Type="CT_RAW" Source="FF2D2D30" />
      </Color>
      <Color Name="SectionDivider">
        <Background Type="CT_RAW" Source="FF3F3F46" />
      </Color>
      <Color Name="HeaderTextSecondary">
        <Background Type="CT_RAW" Source="FFA2A4A5" />
      </Color>
      <Color Name="WizardFooterText">
        <Background Type="CT_RAW" Source="FFA2A4A5" />
      </Color>
      <Color Name="CardTitleText">
        <Background Type="CT_RAW" Source="FFF1F1F1" />
      </Color>
      <Color Name="CardDescriptionText">
        <Background Type="CT_RAW" Source="FF999999" />
      </Color>
      <Color Name="CardBackgroundDefault">
        <Background Type="CT_RAW" Source="FF252526" />
      </Color>
      <Color Name="CardBackgroundHover">
        <Background Type="CT_RAW" Source="FF2D2D30" />
      </Color>
      <Color Name="CardBackgroundSelected">
        <Background Type="CT_RAW" Source="FF252526" />
      </Color>
      <Color Name="CardBackgroundDisabled">
        <Background Type="CT_RAW" Source="FF2D2D30" />
      </Color>
      <Color Name="CardBorderDefault">
        <Background Type="CT_RAW" Source="FF555555" />
      </Color>
      <Color Name="CardBorderHover">
        <Background Type="CT_RAW" Source="FF999999" />
      </Color>
      <Color Name="CardBorderSelected">
        <Background Type="CT_RAW" Source="FF007ACC" />
      </Color>
      <Color Name="CardBorderDisabled">
        <Background Type="CT_RAW" Source="FF3F3F46" />
      </Color>
      <Color Name="DeleteTemplateIcon">
        <Background Type="CT_RAW" Source="FFE51400" />
      </Color>
      <Color Name="SavedTemplateBackgroundHover">
        <Background Type="CT_RAW" Source="FF2D2D30" />
      </Color>
      <Color Name="NewItemFileStatusNewFile">
        <Background Type="CT_RAW" Source="FF00CC6A" />
      </Color>
      <Color Name="NewItemFileStatusModifiedFile">
        <Background Type="CT_RAW" Source="FF3399FF" />
      </Color>
      <Color Name="NewItemFileStatusConflictingFile">
        <Background Type="CT_RAW" Source="FFE51400" />
      </Color>
      <Color Name="NewItemFileStatusConflictingStylesFile">
        <Background Type="CT_RAW" Source="FFFFB900" />
      </Color>
      <Color Name="NewItemFileStatusWarningFile">
        <Background Type="CT_RAW" Source="FFFFB900" />
      </Color>
      <Color Name="NewItemFileStatusUnchangedFile">
        <Background Type="CT_RAW" Source="FF007ACC" />
      </Color>
      <Color Name="CardIcon">
        <Background Type="CT_RAW" Source="FF888D8F" />
      </Color>
      <Color Name="CardFooterText">
        <Background Type="CT_RAW" Source="FF999999" />
      </Color>
      <Color Name="TemplateInfoPageDescription">
        <Background Type="CT_RAW" Source="FF888D8F" />
      </Color>
      <Color Name="ChangesSummaryDetailFileHeader">
        <Background Type="CT_RAW" Source="FF2D2D30" />
        <Foreground Type="CT_RAW" Source="FFF1F1F1" />
      </Color>
    </Category>
  </Theme>
  <Theme Name="Blue" GUID="{a4d6a176-b948-4b29-8c66-53c97a1ed7d0}">
    <Category Name="WindowsTemplateStudio" GUID="{9c63f223-700a-4418-8a5a-cd450f05f593}">
      <Color Name="WindowPanel">
        <Background Type="CT_RAW" Source="FFFFFFFF" />
        <Foreground Type="CT_RAW" Source="FF1E1E1E" />
      </Color>
      <Color Name="WindowBorder">
        <Background Type="CT_RAW" Source="FFCCCEDB" />
      </Color>
      <Color Name="HeaderText">
        <Background Type="CT_RAW" Source="FF1E1E1E" />
      </Color>
      <Color Name="Hyperlink">
        <Background Type="CT_RAW" Source="FF0066CC" />
      </Color>
      <Color Name="HyperlinkHover">
        <Background Type="CT_RAW" Source="FF3399FF" />
      </Color>
      <Color Name="HyperlinkDisabled">
        <Background Type="CT_RAW" Source="FFA2A4A5" />
      </Color>
      <Color Name="SelectedItemActive">
        <Background Type="CT_RAW" Source="FF007ACC" />
        <Foreground Type="CT_RAW" Source="FFFFFFFF" />
      </Color>
      <Color Name="SelectedItemInactive">
        <Background Type="CT_RAW" Source="FFE1E1E1" />
        <Foreground Type="CT_RAW" Source="FF1E1E1E" />
      </Color>
      <Color Name="ListItemMouseOver">
        <Background Type="CT_RAW" Source="FFC9DEF5" />
        <Foreground Type="CT_RAW" Source="FF1E1E1E" />
      </Color>
      <Color Name="ListItemDisabledText">
        <Background Type="CT_RAW" Source="FFA2A4A5" />
      </Color>
      <Color Name="GridHeadingBackground">
        <Background Type="CT_RAW" Source="00000000" />
      </Color>
      <Color Name="GridHeadingHoverBackground">
        <Background Type="CT_RAW" Source="00000000" />
      </Color>
      <Color Name="GridHeadingText">
        <Background Type="CT_RAW" Source="FF6C6C6C" />
      </Color>
      <Color Name="GridHeadingHoverText">
        <Background Type="CT_RAW" Source="FF1E1E1E" />
      </Color>
      <Color Name="GridLine">
        <Background Type="CT_RAW" Source="FFCCCEDB" />
      </Color>
      <Color Name="WizardFooter">
        <Background Type="CT_RAW" Source="FFEFEFF2" />
      </Color>
      <Color Name="SectionDivider">
        <Background Type="CT_RAW" Source="FFCCCEDB" />
      </Color>
      <Color Name="HeaderTextSecondary">
        <Background Type="CT_RAW" Source="FF6D6D6D" />
      </Color>
      <Color Name="WizardFooterText">
        <Background Type="CT_RAW" Source="FF6D6D6D" />
      </Color>
      <Color Name="CardTitleText">
        <Background Type="CT_RAW" Source="FF1E1E1E" />
      </Color>
      <Color Name="CardDescriptionText">
        <Background Type="CT_RAW" Source="FF6C6C6C" />
      </Color>
      <Color Name="CardBackgroundDefault">
        <Background Type="CT_RAW" Source="FFFFFFFF" />
      </Color>
      <Color Name="CardBackgroundHover">
        <Background Type="CT_RAW" Source="FFEFEFF2" />
      </Color>
      <Color Name="CardBackgroundSelected">
        <Background Type="CT_RAW" Source="FFFFFFFF" />
      </Color>
      <Color Name="CardBackgroundDisabled">
        <Background Type="CT_RAW" Source="FFF5F5F5" />
      </Color>
      <Color Name="CardBorderDefault">
        <Background Type="CT_RAW" Source="FFBFBFBF" />
      </Color>
      <Color Name="CardBorderHover">
        <Background Type="CT_RAW" Source="FF949494" />
      </Color>
      <Color Name="CardBorderSelected">
        <Background Type="CT_RAW" Source="FF007ACC" />
      </Color>
      <Color Name="CardBorderDisabled">
        <Background Type="CT_RAW" Source="FFE1E1E1" />
      </Color>
      <Color Name="DeleteTemplateIcon">
        <Background Type="CT_RAW" Source="FFE51400" />
      </Color>
      <Color Name="SavedTemplateBackgroundHover">
        <Background Type="CT_RAW" Source="FFEFEFF2" />
      </Color>
      <Color Name="NewItemFileStatusNewFile">
        <Background Type="CT_RAW" Source="FF00CC6A" />
      </Color>
      <Color Name="NewItemFileStatusModifiedFile">
        <Background Type="CT_RAW" Source="FF3399FF" />
      </Color>
      <Color Name="NewItemFileStatusConflictingFile">
        <Background Type="CT_RAW" Source="FFE51400" />
      </Color>
      <Color Name="NewItemFileStatusConflictingStylesFile">
        <Background Type="CT_RAW" Source="FFFFB900" />
      </Color>
      <Color Name="NewItemFileStatusWarningFile">
        <Background Type="CT_RAW" Source="FFFFB900" />
      </Color>
      <Color Name="NewItemFileStatusUnchangedFile">
        <Background Type="CT_RAW" Source="FF007ACC" />
      </Color>
      <Color Name="CardIcon">
        <Background Type="CT_RAW" Source="FF727779" />
      </Color>
      <Color Name="CardFooterText">
        <Background Type="CT_RAW" Source="FF6C6C6C" />
      </Color>
      <Color Name="TemplateInfoPageDescription">
        <Background Type="CT_RAW" Source="FF727779" />
      </Color>
      <Color Name="ChangesSummaryDetailFileHeader">
        <Background Type="CT_RAW" Source="FFEFEFF2" />
        <Foreground Type="CT_RAW" Source="FF1E1E1E" />
      </Color>
    </Category>
  </Theme>
  <Theme Name="HighContrast" GUID="{a5c004b4-2d4b-494e-bf01-45fc492522c7}">
    <Category Name="WindowsTemplateStudio" GUID="{9c63f223-700a-4418-8a5a-cd450f05f593}">
      <Color Name="WindowPanel">
        <Background Type="CT_SYSCOLOR" Source="0000000F" />
        <Foreground Type="CT_SYSCOLOR" Source="00000012" />
      </Color>
      <Color Name="WindowBorder">
        <Background Type="CT_SYSCOLOR" Source="00000010" />
      </Color>
      <Color Name="HeaderText">
        <Background Type="CT_SYSCOLOR" Source="00000012" />
      </Color>
      <Color Name="Hyperlink">
        <Background Type="CT_SYSCOLOR" Source="0000001A" />
      </Color>
      <Color Name="HyperlinkHover">
        <Background Type="CT_SYSCOLOR" Source="0000001A" />
      </Color>
      <Color Name="HyperlinkDisabled">
        <Background Type="CT_SYSCOLOR" Source="00000011" />
      </Color>
      <Color Name="SelectedItemActive">
        <Background Type="CT_SYSCOLOR" Source="0000000D" />
        <Foreground Type="CT_SYSCOLOR" Source="0000000E" />
      </Color>
      <Color Name="SelectedItemInactive">
        <Background Type="CT_SYSCOLOR" Source="0000000D" />
        <Foreground Type="CT_SYSCOLOR" Source="0000000E" />
      </Color>
      <Color Name="ListItemMouseOver">
        <Background Type="CT_SYSCOLOR" Source="00000010" />
        <Foreground Type="CT_SYSCOLOR" Source="00000012" />
      </Color>
      <Color Name="ListItemDisabledText">
        <Background Type="CT_SYSCOLOR" Source="00000011" />
      </Color>
      <Color Name="GridHeadingBackground">
        <Background Type="CT_SYSCOLOR" Source="0000000F" />
      </Color>
      <Color Name="GridHeadingHoverBackground">
        <Background Type="CT_SYSCOLOR" Source="0000000F" />
      </Color>
      <Color Name="GridHeadingText">
        <Background Type="CT_SYSCOLOR" Source="00000011" />
      </Color>
      <Color Name="GridHeadingHoverText">
        <Background Type="CT_SYSCOLOR" Source="00000012" />
      </Color>
      <Color Name="GridLine">
        <Background Type="CT_SYSCOLOR" Source="00000010" />
      </Color>
      <Color Name="WizardFooter">
        <Background Type="CT_SYSCOLOR" Source="00000010" />
      </Color>
      <Color Name="SectionDivider">
        <Background Type="CT_SYSCOLOR" Source="00000010" />
      </Color>
      <Color Name="HeaderTextSecondary">
        <Background Type="CT_SYSCOLOR" Source="00000012" />
      </Color>
      <Color Name="WizardFooterText">
        <Background Type="CT_SYSCOLOR" Source="00000011" />
      </Color>
      <Color Name="CardTitleText">
        <Background Type="CT_SYSCOLOR" Source="00000012" />
      </Color>
      <Color Name="CardDescriptionText">
        <Background Type="CT_SYSCOLOR" Source="00000011" />
      </Color>
      <Color Name="CardBackgroundDefault">
        <Background Type="CT_SYSCOLOR" Source="0000000F" />
      </Color>
      <Color Name="CardBackgroundHover">
        <Background Type="CT_SYSCOLOR" Source="00000010" />
      </Color>
      <Color Name="CardBackgroundSelected">
        <Background Type="CT_SYSCOLOR" Source="0000000F" />
      </Color>
      <Color Name="CardBackgroundDisabled">
        <Background Type="CT_SYSCOLOR" Source="00000011" />
      </Color>
      <Color Name="CardBorderDefault">
        <Background Type="CT_SYSCOLOR" Source="00000010" />
      </Color>
      <Color Name="CardBorderHover">
        <Background Type="CT_SYSCOLOR" Source="0000000E" />
      </Color>
      <Color Name="CardBorderSelected">
        <Background Type="CT_SYSCOLOR" Source="0000000D" />
      </Color>
      <Color Name="CardBorderDisabled">
        <Background Type="CT_SYSCOLOR" Source="0000000E" />
      </Color>
      <Color Name="DeleteTemplateIcon">
        <Background Type="CT_SYSCOLOR" Source="0000000F" />
      </Color>
      <Color Name="SavedTemplateBackgroundHover">
        <Background Type="CT_SYSCOLOR" Source="00000010" />
      </Color>
      <Color Name="NewItemFileStatusNewFile">
        <Background Type="CT_SYSCOLOR" Source="0000000D" />
      </Color>
      <Color Name="NewItemFileStatusModifiedFile">
        <Background Type="CT_SYSCOLOR" Source="0000000D" />
      </Color>
      <Color Name="NewItemFileStatusConflictingFile">
        <Background Type="CT_SYSCOLOR" Source="0000000D" />
      </Color>
      <Color Name="NewItemFileStatusConflictingStylesFile">
        <Background Type="CT_SYSCOLOR" Source="0000000D" />
      </Color>
      <Color Name="NewItemFileStatusWarningFile">
        <Background Type="CT_SYSCOLOR" Source="0000000D" />
      </Color>
      <Color Name="NewItemFileStatusUnchangedFile">
        <Background Type="CT_SYSCOLOR" Source="0000000D" />
      </Color>
      <Color Name="CardIcon">
        <Background Type="CT_SYSCOLOR" Source="00000012" />
      </Color>
      <Color Name="CardFooterText">
        <Background Type="CT_SYSCOLOR" Source="00000011" />
      </Color>
      <Color Name="TemplateInfoPageDescription">
        <Background Type="CT_SYSCOLOR" Source="00000012" />
      </Color>
      <Color Name="ChangesSummaryDetailFileHeader">
        <Background Type="CT_SYSCOLOR" Source="0000000D" />
        <Foreground Type="CT_SYSCOLOR" Source="0000000E" />
      </Color>
    </Category>
  </Theme>
</Themes>